open time,0
2020-09-10 07:00:00,0.0
2020-09-10 07:30:00,0.0
2020-09-10 08:00:00,0.0
2020-09-10 08:30:00,0.0
2020-09-10 09:00:00,0.0
2020-09-10 09:30:00,0.0
2020-09-10 10:00:00,0.0
2020-09-10 10:30:00,0.0
2020-09-10 11:00:00,0.0
2020-09-10 11:30:00,0.0
2020-09-10 12:00:00,0.0
2020-09-10 12:30:00,0.0
2020-09-10 13:00:00,0.0
2020-09-10 13:30:00,0.0
2020-09-10 14:00:00,0.0
2020-09-10 14:30:00,0.0
2020-09-10 15:00:00,0.0
2020-09-10 15:30:00,0.0
2020-09-10 16:00:00,0.0
2020-09-10 16:30:00,0.0
2020-09-10 17:00:00,0.0
2020-09-10 17:30:00,0.0
2020-09-10 18:00:00,0.0
2020-09-10 18:30:00,0.0
2020-09-10 19:00:00,0.0
2020-09-10 19:30:00,0.0
2020-09-10 20:00:00,0.0
2020-09-10 20:30:00,0.0
2020-09-10 21:00:00,0.0
2020-09-10 21:30:00,0.0
2020-09-10 22:00:00,0.0
2020-09-10 22:30:00,0.0
2020-09-10 23:00:00,0.0
2020-09-10 23:30:00,-0.009774436090225436
2020-09-11 00:00:00,-0.03508345864661644
2020-09-11 00:30:00,-0.03508345864661644
2020-09-11 01:00:00,-0.03508345864661644
2020-09-11 01:30:00,-0.03508345864661644
2020-09-11 02:00:00,-0.03508345864661644
2020-09-11 02:30:00,-0.03508345864661644
2020-09-11 03:00:00,-0.03508345864661644
2020-09-11 03:30:00,-0.03508345864661644
2020-09-11 04:00:00,-0.03508345864661644
2020-09-11 04:30:00,-0.03508345864661644
2020-09-11 05:00:00,-0.03508345864661644
2020-09-11 05:30:00,-0.03508345864661644
2020-09-11 06:00:00,-0.03508345864661644
2020-09-11 06:30:00,-0.03508345864661644
2020-09-11 07:00:00,-0.03508345864661644
2020-09-11 07:30:00,-0.03508345864661644
2020-09-11 08:00:00,-0.03508345864661644
2020-09-11 08:30:00,-0.03508345864661644
2020-09-11 09:00:00,-0.03508345864661644
2020-09-11 09:30:00,-0.03508345864661644
2020-09-11 10:00:00,-0.02291711964694343
2020-09-11 10:30:00,-0.03235652059496552
2020-09-11 11:00:00,-0.04714491541353372
2020-09-11 11:30:00,-0.01641442121608372
2020-09-11 12:00:00,-0.056689198594311985
2020-09-11 12:30:00,-0.0689093421793886
2020-09-11 13:00:00,-0.0689093421793886
2020-09-11 13:30:00,-0.0689093421793886
2020-09-11 14:00:00,-0.0689093421793886
2020-09-11 14:30:00,-0.0689093421793886
2020-09-11 15:00:00,-0.0689093421793886
2020-09-11 15:30:00,-0.0689093421793886
2020-09-11 16:00:00,-0.0689093421793886
2020-09-11 16:30:00,-0.0689093421793886
2020-09-11 17:00:00,-0.0689093421793886
2020-09-11 17:30:00,-0.0689093421793886
2020-09-11 18:00:00,-0.0689093421793886
2020-09-11 18:30:00,-0.0689093421793886
2020-09-11 19:00:00,-0.0689093421793886
2020-09-11 19:30:00,-0.0689093421793886
2020-09-11 20:00:00,-0.0689093421793886
2020-09-11 20:30:00,-0.0689093421793886
2020-09-11 21:00:00,-0.0689093421793886
2020-09-11 21:30:00,-0.07496790309984225
2020-09-11 22:00:00,-0.07496790309984225
2020-09-11 22:30:00,-0.08717682131833193
2020-09-11 23:00:00,-0.0922163506512409
2020-09-11 23:30:00,-0.0922163506512409
2020-09-12 00:00:00,-0.0922163506512409
2020-09-12 00:30:00,-0.0922163506512409
2020-09-12 01:00:00,-0.0922163506512409
2020-09-12 01:30:00,-0.0922163506512409
2020-09-12 02:00:00,-0.0922163506512409
2020-09-12 02:30:00,-0.0922163506512409
2020-09-12 03:00:00,-0.08718225128405122
2020-09-12 03:30:00,-0.09076420660301321
2020-09-12 04:00:00,-0.10460797986278414
2020-09-12 04:30:00,-0.10422074144992344
2020-09-12 05:00:00,-0.0974440692248606
2020-09-12 05:30:00,-0.09163549303194973
2020-09-12 06:00:00,-0.07866300620111544
2020-09-12 06:30:00,-0.06898204587959733
2020-09-12 07:00:00,-0.08108324628149499
2020-09-12 07:30:00,-0.09589511557341757
2020-09-12 08:00:00,-0.08176091350400116
2020-09-12 08:30:00,-0.07207995318248295
2020-09-12 09:00:00,-0.08272900953615303
2020-09-12 09:30:00,-0.08718225128405122
2020-09-12 10:00:00,-0.05872022793878806
2020-09-12 10:30:00,-0.05426698619088943
2020-09-12 11:00:00,-0.05310527095230766
2020-09-12 11:30:00,-0.0581393703194969
2020-09-12 12:00:00,-0.07362890683392587
2020-09-12 12:30:00,-0.05659041666805398
2020-09-12 13:00:00,-0.07188633397605282
2020-09-12 13:30:00,-0.04216578578899188
2020-09-12 14:00:00,-0.06462561373491404
2020-09-12 14:30:00,-0.05910746635164854
2020-09-12 15:00:00,-0.06936928429245792
2020-09-12 15:30:00,-0.08098643667827965
2020-09-12 16:00:00,-0.056396797461623516
2020-09-12 16:30:00,-0.056396797461623516
2020-09-12 17:00:00,-0.05968832397093993
2020-09-12 17:30:00,-0.05968832397093993
2020-09-12 18:00:00,-0.06936928429245792
2020-09-12 18:30:00,-0.08611734564868423
2020-09-12 19:00:00,-0.08785991850655783
2020-09-12 19:30:00,-0.08640777445832992
2020-09-12 20:00:00,-0.08892482414192471
2020-09-12 20:30:00,-0.08282581913936815
2020-09-12 21:00:00,-0.09531425795412662
2020-09-12 21:30:00,-0.10092921494060725
2020-09-12 22:00:00,-0.08921525295157018
2020-09-12 22:30:00,-0.08921525295157018
2020-09-12 23:00:00,-0.08573010723582375
2020-09-12 23:30:00,-0.08573010723582375
2020-09-13 00:00:00,-0.06046280079666122
2020-09-13 00:30:00,-0.05862341833557272
2020-09-13 01:00:00,-0.05862341833557272
2020-09-13 01:30:00,-0.045844550711168774
2020-09-13 02:00:00,-0.04681264674332042
2020-09-13 02:30:00,-0.04681264674332042
2020-09-13 03:00:00,-0.04681264674332042
2020-09-13 03:30:00,-0.09202273144481032
2020-09-13 04:00:00,-0.056493607064838636
2020-09-13 04:30:00,-0.06007556238380063
2020-09-13 05:00:00,-0.05552551103268699
2020-09-13 05:30:00,-0.06898204587959733
2020-09-13 06:00:00,-0.046134979520814245
2020-09-13 06:30:00,-0.04603816991759935
2020-09-13 07:00:00,-0.06540009056063534
2020-09-13 07:30:00,-0.050781840475143114
2020-09-13 08:00:00,-0.05504146301661095
2020-09-13 08:30:00,-0.042746643408282936
2020-09-13 09:00:00,-0.042746643408282936
2020-09-13 09:30:00,-0.01622081212732318
2020-09-13 10:00:00,0.029666939796672898
2020-09-13 10:30:00,0.017662548997990246
2020-09-13 11:00:00,0.015242308917611025
2020-09-13 11:30:00,-0.03384015991248601
2020-09-13 12:00:00,-0.023578341971676853
2020-09-13 12:30:00,0.023374315587686212
2020-09-13 13:00:00,0.020566837094445845
2020-09-13 13:30:00,0.026181794080926357
2020-09-13 14:00:00,0.02482645963591379
2020-09-13 14:30:00,0.028989272574166725
2020-09-13 15:00:00,0.02163174272981272
2020-09-13 15:30:00,0.06538968338307494
2020-09-13 16:00:00,0.07834392160370318
2020-09-13 16:30:00,0.07834392160370318
2020-09-13 17:00:00,0.07834392160370318
2020-09-13 17:30:00,0.07834392160370318
2020-09-13 18:00:00,0.07834392160370318
2020-09-13 18:30:00,0.07834392160370318
2020-09-13 19:00:00,0.07834392160370318
2020-09-13 19:30:00,0.07834392160370318
2020-09-13 20:00:00,0.07834392160370318
2020-09-13 20:30:00,0.07834392160370318
2020-09-13 21:00:00,0.04288180305274536
2020-09-13 21:30:00,0.047314567871615365
2020-09-13 22:00:00,0.022343326058649193
2020-09-13 22:30:00,0.03120885569638876
2020-09-13 23:00:00,0.018398756405164418
2020-09-13 23:30:00,0.018398756405164418
2020-09-14 00:00:00,0.018398756405164418
2020-09-14 00:30:00,0.0241002690376646
2020-09-14 01:00:00,0.0059097287339733295
2020-09-14 01:30:00,0.015683750389688056
2020-09-14 02:00:00,-0.000877786304717576
2020-09-14 02:30:00,-0.0018280384101340141
2020-09-14 03:00:00,-0.007529551042634308
2020-09-14 03:30:00,-0.026918495001556964
2020-09-14 04:00:00,-0.026918495001556964
2020-09-14 04:30:00,-0.03207226842021216
2020-09-14 05:00:00,-0.03673520627518567
2020-09-14 05:30:00,-0.023237228273946364
2020-09-14 06:00:00,-0.021028468237379805
2020-09-14 06:30:00,-0.021887430473822356
2020-09-14 07:00:00,-0.018328872637131788
2020-09-14 07:30:00,-0.045570246421451466
2020-09-14 08:00:00,-0.024587026074070262
2020-09-14 08:30:00,-0.06535521444899528
2020-09-14 09:00:00,-0.06535521444899528
2020-09-14 09:30:00,-0.06535521444899528
2020-09-14 10:00:00,-0.06535521444899528
2020-09-14 10:30:00,-0.06535521444899528
2020-09-14 11:00:00,-0.06535521444899528
2020-09-14 11:30:00,-0.06535521444899528
2020-09-14 12:00:00,-0.06535521444899528
2020-09-14 12:30:00,-0.06535521444899528
2020-09-14 13:00:00,-0.06535521444899528
2020-09-14 13:30:00,-0.06535521444899528
2020-09-14 14:00:00,-0.06535521444899528
2020-09-14 14:30:00,-0.06535521444899528
2020-09-14 15:00:00,-0.06535521444899528
2020-09-14 15:30:00,-0.06535521444899528
2020-09-14 16:00:00,-0.06535521444899528
2020-09-14 16:30:00,-0.06535521444899528
2020-09-14 17:00:00,-0.06535521444899528
2020-09-14 17:30:00,-0.06535521444899528
2020-09-14 18:00:00,-0.06535521444899528
2020-09-14 18:30:00,-0.06535521444899528
2020-09-14 19:00:00,-0.06535521444899528
2020-09-14 19:30:00,-0.06535521444899528
2020-09-14 20:00:00,-0.06535521444899528
2020-09-14 20:30:00,-0.06535521444899528
2020-09-14 21:00:00,-0.06535521444899528
2020-09-14 21:30:00,-0.06535521444899528
2020-09-14 22:00:00,-0.06535521444899528
2020-09-14 22:30:00,-0.06535521444899528
2020-09-14 23:00:00,-0.07283629723584895
2020-09-14 23:30:00,-0.08105322423124528
2020-09-15 00:00:00,-0.058242053766413227
2020-09-15 00:30:00,-0.05051568957671182
2020-09-15 01:00:00,-0.048553438353930556
2020-09-15 01:30:00,-0.048553438353930556
2020-09-15 02:00:00,-0.05615716184220809
2020-09-15 02:30:00,-0.06510993304614743
2020-09-15 03:00:00,-0.06510993304614743
2020-09-15 03:30:00,-0.048553438353930556
2020-09-15 04:00:00,-0.03911010434429574
2020-09-15 04:30:00,-0.029176207528965437
2020-09-15 05:00:00,-0.023534735263469386
2020-09-15 05:30:00,-0.023412094562045516
2020-09-15 06:00:00,-0.009798976704000428
2020-09-15 06:30:00,-0.04082707416422948
2020-09-15 07:00:00,-0.03788369733005725
2020-09-15 07:30:00,-0.027091315604760413
2020-09-15 08:00:00,-0.017280059490854094
2020-09-15 08:30:00,0.01006881692665984
2020-09-15 09:00:00,0.012153708850865197
2020-09-15 09:30:00,-0.018506466505092356
2020-09-15 10:00:00,0.005531110973978182
2020-09-15 10:30:00,-0.017647981595125484
2020-09-15 11:00:00,-0.013846119850986827
2020-09-15 11:30:00,-0.038864822941447996
2020-09-15 12:00:00,-0.03653464961439534
2020-09-15 12:30:00,-0.02071399913072125
2020-09-15 13:00:00,-0.01188386862820534
2020-09-15 13:30:00,0.016568774102122985
2020-09-15 14:00:00,0.04404029122106068
2020-09-15 14:30:00,0.09791021932147759
2020-09-15 15:00:00,0.09791021932147759
2020-09-15 15:30:00,0.09791021932147759
2020-09-15 16:00:00,0.09791021932147759
2020-09-15 16:30:00,0.09791021932147759
2020-09-15 17:00:00,0.09791021932147759
2020-09-15 17:30:00,0.09791021932147759
2020-09-15 18:00:00,0.09791021932147759
2020-09-15 18:30:00,0.09791021932147759
2020-09-15 19:00:00,0.09791021932147759
2020-09-15 19:30:00,0.09791021932147759
2020-09-15 20:00:00,0.09791021932147759
2020-09-15 20:30:00,0.09791021932147759
2020-09-15 21:00:00,0.09791021932147759
2020-09-15 21:30:00,0.09791021932147759
2020-09-15 22:00:00,0.09791021932147759
2020-09-15 22:30:00,0.09791021932147759
2020-09-15 23:00:00,0.09791021932147759
2020-09-15 23:30:00,0.09791021932147759
2020-09-16 00:00:00,0.09791021932147759
2020-09-16 00:30:00,0.09791021932147759
2020-09-16 01:00:00,0.09791021932147759
2020-09-16 01:30:00,0.09791021932147759
2020-09-16 02:00:00,0.1119209261077938
2020-09-16 02:30:00,0.1119209261077938
2020-09-16 03:00:00,0.1119209261077938
2020-09-16 03:30:00,0.1119209261077938
2020-09-16 04:00:00,0.1119209261077938
2020-09-16 04:30:00,0.1119209261077938
2020-09-16 05:00:00,0.1119209261077938
2020-09-16 05:30:00,0.1119209261077938
2020-09-16 06:00:00,0.11033501642534382
2020-09-16 06:30:00,0.09665654541421209
2020-09-16 07:00:00,0.10379313898523712
2020-09-16 07:30:00,0.07029079694347984
2020-09-16 08:00:00,0.08139216472063038
2020-09-16 08:30:00,0.06335244208276092
2020-09-16 09:00:00,0.11370507450055012
2020-09-16 09:30:00,0.10062131962033716
2020-09-16 10:00:00,0.11211916481810014
2020-09-16 10:30:00,0.13174479713841958
2020-09-16 11:00:00,0.1109297325562626
2020-09-16 11:30:00,0.05623884420213132
2020-09-16 12:00:00,0.05623884420213132
2020-09-16 12:30:00,0.05623884420213132
2020-09-16 13:00:00,0.05623884420213132
2020-09-16 13:30:00,0.016213761383030656
2020-09-16 14:00:00,0.022371466432123066
2020-09-16 14:30:00,-0.014574763862431395
2020-09-16 15:00:00,-0.03516459012033413
2020-09-16 15:30:00,-0.03516459012033413
2020-09-16 16:00:00,0.0027437815881408145
2020-09-16 16:30:00,0.00870905835444935
2020-09-16 17:00:00,0.07509681591497674
2020-09-16 17:30:00,0.0429612926900258
2020-09-16 18:00:00,0.07259524823878305
2020-09-16 18:30:00,0.06682239975525883
2020-09-16 19:00:00,0.08625765631645699
2020-09-16 19:30:00,0.08510308661975174
2020-09-16 20:00:00,0.07779081187395476
2020-09-16 20:30:00,0.08683494116480905
2020-09-16 21:00:00,0.08587279975088857
2020-09-16 21:30:00,0.09164564823441257
2020-09-16 22:00:00,0.08798951086151385
2020-09-16 22:30:00,0.07047853712815755
2020-09-16 23:00:00,0.08240909066077418
2020-09-16 23:30:00,0.08510308661975174
2020-09-17 00:00:00,0.0527751351120167
2020-09-17 00:30:00,0.01582890481746224
2020-09-17 01:00:00,0.015059191686325857
2020-09-17 01:30:00,0.04777199975962931
2020-09-17 02:00:00,0.05354484824315331
2020-09-17 02:30:00,0.04988871087025459
2020-09-17 03:00:00,0.07336496136991943
2020-09-17 03:30:00,0.08009995126736436
2020-09-17 04:00:00,0.07451953106662446
2020-09-17 04:30:00,0.07625138561168154
2020-09-17 05:00:00,0.07625138561168154
2020-09-17 05:30:00,0.06778454116917931
2020-09-17 06:00:00,0.05797069874718841
2020-09-17 06:30:00,0.05797069874718841
2020-09-17 07:00:00,0.04142186642775281
2020-09-17 07:30:00,0.056623700767699514
2020-09-17 08:00:00,0.05758584218162022
2020-09-17 08:30:00,0.05585398763656313
2020-09-17 09:00:00,0.05681612905048383
2020-09-17 09:30:00,0.05758584218162022
2020-09-17 10:00:00,0.06374354723071263
2020-09-17 10:30:00,0.030261026026272786
2020-09-17 11:00:00,0.012942480575700133
2020-09-17 11:30:00,-0.0005274992191893757
2020-09-17 12:00:00,0.024295749259964472
2020-09-17 12:30:00,0.034686876530307886
2020-09-17 13:00:00,0.05239027854644851
2020-09-17 13:30:00,0.02391089269439628
2020-09-17 14:00:00,0.02391089269439628
2020-09-17 14:30:00,0.02391089269439628
2020-09-17 15:00:00,0.006399918961039752
2020-09-17 15:30:00,0.014481906837973346
2020-09-17 16:00:00,0.03295502198525058
2020-09-17 16:30:00,0.009863628051153928
2020-09-17 17:00:00,0.0035134947192776433
2020-09-17 17:30:00,-0.036896444665391326
2020-09-17 18:00:00,-0.04459357597675673
2020-09-17 18:30:00,-0.03651158809982302
2020-09-17 19:00:00,-0.03054631133351493
2020-09-17 19:30:00,-0.036896444665391326
2020-09-17 20:00:00,-0.055946844661020845
2020-09-17 20:30:00,-0.04324657799726783
2020-09-17 21:00:00,-0.026312889112263704
2020-09-17 21:30:00,-0.032470594161356225
2020-09-17 22:00:00,-0.026890173960616104
2020-09-17 22:30:00,-0.01649904669027269
2020-09-17 23:00:00,-0.03574187496868653
2020-09-17 23:30:00,-0.04228443658334724
2020-09-18 00:00:00,-0.05575441637823686
2020-09-18 00:30:00,-0.028622028505673414
2020-09-18 01:00:00,-0.027467458808968503
2020-09-18 01:30:00,-0.022271895173796907
2020-09-18 02:00:00,-0.06672282849693267
2020-09-18 02:30:00,-0.09558707091455321
2020-09-18 03:00:00,-0.0844262305130733
2020-09-18 03:30:00,-0.08942936586546102
2020-09-18 04:00:00,-0.06287426284124975
2020-09-18 04:30:00,-0.06287426284124975
2020-09-18 05:00:00,-0.08904450929989272
2020-09-18 05:30:00,-0.07345781839437748
2020-09-18 06:00:00,-0.06768496991085315
2020-09-18 06:30:00,-0.08327166081636861
2020-09-18 07:00:00,-0.08962179414824512
2020-09-18 07:30:00,-0.12252703050433256
2020-09-18 08:00:00,-0.10135991939807742
2020-09-18 08:30:00,-0.11059647697171593
2020-09-18 09:00:00,-0.12868473555342497
2020-09-18 09:30:00,-0.16255211332343322
2020-09-18 10:00:00,-0.12810745070507246
2020-09-18 10:30:00,-0.1404228608032575
2020-09-18 11:00:00,-0.13715157999592698
2020-09-18 11:30:00,-0.13657429514757458
2020-09-18 12:00:00,-0.11906332141421827
2020-09-18 12:30:00,-0.13137873151240298
2020-09-18 13:00:00,-0.12906959211899327
2020-09-18 13:30:00,-0.07538210122221878
2020-09-18 14:00:00,-0.08192466283687949
2020-09-18 14:30:00,-0.08250194768523189
2020-09-18 15:00:00,-0.017846044669761585
2020-09-18 15:30:00,-0.032470594161356225
2020-09-18 16:00:00,-0.07211082041488859
2020-09-18 16:30:00,-0.08019280829182229
2020-09-18 17:00:00,-0.06133483657897676
2020-09-18 17:30:00,-0.027852315374536918
2020-09-18 18:00:00,-0.04594057395624562
2020-09-18 18:30:00,-0.08019280829182229
2020-09-18 19:00:00,-0.0844262305130733
2020-09-18 19:30:00,-0.0844262305130733
2020-09-18 20:00:00,-0.0886596527343243
2020-09-18 20:30:00,-0.09193093354165482
2020-09-18 21:00:00,-0.09635678404568992
2020-09-18 21:30:00,-0.09847349515631532
2020-09-18 22:00:00,-0.09212336182443881
2020-09-18 22:30:00,-0.09212336182443881
2020-09-18 23:00:00,-0.05459984668153195
2020-09-18 23:30:00,-0.06922439617312637
2020-09-19 00:00:00,-0.06922439617312637
2020-09-19 00:30:00,-0.0873126547548354
2020-09-19 01:00:00,-0.06710768506250075
2020-09-19 01:30:00,-0.06826225475920589
2020-09-19 02:00:00,-0.09404764465228022
2020-09-19 02:30:00,-0.0892369375826767
2020-09-19 03:00:00,-0.06845468304198965
2020-09-19 03:30:00,-0.06845468304198965
2020-09-19 04:00:00,-0.06672282849693267
2020-09-19 04:30:00,-0.054984703247100364
2020-09-19 05:00:00,-0.054984703247100364
2020-09-19 05:30:00,-0.03728130123095952
2020-09-19 06:00:00,-0.04093743860385812
2020-09-19 06:30:00,-0.04324657799726783
2020-09-19 07:00:00,-0.04324657799726783
2020-09-19 07:30:00,-0.013420194165726484
2020-09-19 08:00:00,0.04373100582116218
2020-09-19 08:30:00,0.006784775526607945
2020-09-19 09:00:00,0.009286343202801861
2020-09-19 09:30:00,0.005052920981550857
2020-09-19 10:00:00,0.018522900776440476
2020-09-19 10:30:00,0.029106456329567765
2020-09-19 11:00:00,0.011595482596211237
2020-09-19 11:30:00,-0.025928032546695512
2020-09-19 12:00:00,-0.01534447699356789
2020-09-19 12:30:00,-0.008417058813338985
2020-09-19 13:00:00,-0.01476719214521538
2020-09-19 13:30:00,-0.01476719214521538
2020-09-19 14:00:00,-0.043631434562836136
2020-09-19 14:30:00,-0.020155184063171294
2020-09-19 15:00:00,-0.020155184063171294
2020-09-19 15:30:00,-0.008417058813338985
2020-09-19 16:00:00,-0.003798780026519566
2020-09-19 16:30:00,-0.003798780026519566
2020-09-19 17:00:00,-0.003798780026519566
2020-09-19 17:30:00,-0.003798780026519566
2020-09-19 18:00:00,0.038727870468774794
2020-09-19 18:30:00,0.026989745218942485
2020-09-19 19:00:00,0.034109591681955376
2020-09-19 19:30:00,0.039882440165479593
2020-09-19 20:00:00,0.051043280566959615
2020-09-19 20:30:00,0.043153720972809895
2020-09-19 21:00:00,0.029298884612352083
2020-09-19 21:30:00,0.027951886632862966
2020-09-19 22:00:00,0.026989745218942485
2020-09-19 22:30:00,0.03661115935814907
2020-09-19 23:00:00,0.05797069874718841
2020-09-19 23:30:00,0.052582706829232606
2020-09-20 00:00:00,0.08548794318532016
2020-09-20 00:30:00,0.09549421389009516
2020-09-20 01:00:00,0.1112733330783946
2020-09-20 01:30:00,0.10492319974651809
2020-09-20 02:00:00,0.09299264621390146
2020-09-20 02:30:00,0.1043459148981658
2020-09-20 03:00:00,0.09953520782856229
2020-09-20 03:30:00,0.09414721591060626
2020-09-20 04:00:00,0.09626392702123199
2020-09-20 04:30:00,0.08895165227543478
2020-09-20 05:00:00,0.08895165227543478
2020-09-20 05:30:00,0.09626392702123199
2020-09-20 06:00:00,0.09164564823441257
2020-09-20 06:30:00,0.07451953106662446
2020-09-20 07:00:00,0.054314561374289916
2020-09-20 07:30:00,0.05931769672667753
2020-09-20 08:00:00,0.0616268361200869
2020-09-20 08:30:00,0.07201796339043054
2020-09-20 09:00:00,0.07528924419776106
2020-09-20 09:30:00,0.0541221330915056
2020-09-20 10:00:00,0.06893911086588433
2020-09-20 10:30:00,0.056623700767699514
2020-09-20 11:00:00,0.06547540177577016
2020-09-20 11:30:00,0.06547540177577016
2020-09-20 12:00:00,0.08163937752963757
2020-09-20 12:30:00,0.1199326058036807
2020-09-20 13:00:00,0.12955401994288773
2020-09-20 13:30:00,0.12474331287328422
2020-09-20 14:00:00,0.13109344620516095
2020-09-20 14:30:00,0.14206185832385687
2020-09-20 15:00:00,0.13109344620516095
2020-09-20 15:30:00,0.15033627448357456
2020-09-20 16:00:00,0.15803340579494018
2020-09-20 16:30:00,0.15033627448357456
2020-09-20 17:00:00,0.15303027044255257
2020-09-20 17:30:00,0.15303027044255257
2020-09-20 18:00:00,0.15033627448357456
2020-09-20 18:30:00,0.14071486034436798
2020-09-20 19:00:00,0.14263914317220894
2020-09-20 19:30:00,0.14629528054510765
2020-09-20 20:00:00,0.1613046866022707
2020-09-20 20:30:00,0.16168954316783868
2020-09-20 21:00:00,0.15033627448357456
2020-09-20 21:30:00,0.15033627448357456
2020-09-20 22:00:00,0.15379998357368896
2020-09-20 22:30:00,0.16957910276198818
2020-09-20 23:00:00,0.14398614115169783
2020-09-20 23:30:00,0.13282530075021803
2020-09-21 00:00:00,0.12416602802493193
2020-09-21 00:30:00,0.10011249267691458
2020-09-21 01:00:00,0.09433964419339036
2020-09-21 01:30:00,0.10415348661538149
2020-09-21 02:00:00,0.10203677550475598
2020-09-21 02:30:00,0.10011249267691458
2020-09-21 03:00:00,0.10376863004981329
2020-09-21 03:30:00,0.09203050479998098
2020-09-21 04:00:00,0.09433964419339036
2020-09-21 04:30:00,0.10934905025055341
2020-09-21 05:00:00,0.1108884765128264
2020-09-21 05:30:00,0.1053080563120865
2020-09-21 06:00:00,0.1022292037875403
2020-09-21 06:30:00,0.1022292037875403
2020-09-21 07:00:00,0.13109344620516095
2020-09-21 07:30:00,0.14206185832385687
2020-09-21 08:00:00,0.13975271893044705
2020-09-21 08:30:00,0.1589955472088609
2020-09-21 09:00:00,0.1763140926594331
2020-09-21 09:30:00,0.17958537346676362
2020-09-21 10:00:00,0.20498590679426965
2020-09-21 10:30:00,0.21364517951955597
2020-09-21 11:00:00,0.22114988254813728
2020-09-21 11:30:00,0.22114988254813728
2020-09-21 12:00:00,0.2342350057774587
2020-09-21 12:30:00,0.2400078542609827
2020-09-21 13:00:00,0.22057259769978477
2020-09-21 13:30:00,0.2305788684045602
2020-09-21 14:00:00,0.26733267041633013
2020-09-21 14:30:00,0.3023546178830434
2020-09-21 15:00:00,0.3113987471738977
2020-09-21 15:30:00,0.3031243310141798
2020-09-21 16:00:00,0.31909587848526333
2020-09-21 16:30:00,0.3119760320222502
2020-09-21 17:00:00,0.3204428764647522
2020-09-21 17:30:00,0.313130601718955
2020-09-21 18:00:00,0.3106290340427613
2020-09-21 18:30:00,0.3196731633336156
2020-09-21 19:00:00,0.29446505828889347
2020-09-21 19:30:00,0.2902316360676427
2020-09-21 20:00:00,0.28696035526031216
2020-09-21 20:30:00,0.28946192293650586
2020-09-21 21:00:00,0.29427263000610937
2020-09-21 21:30:00,0.2850360724324712
2020-09-21 22:00:00,0.2946574865716778
2020-09-21 22:30:00,0.2946574865716778
2020-09-21 23:00:00,0.29427263000610937
2020-09-21 23:30:00,0.313130601718955
2020-09-22 00:00:00,0.26867966839581925
2020-09-22 00:30:00,0.2825345047562773
2020-09-22 01:00:00,0.2825345047562773
2020-09-22 01:30:00,0.2904240643504268
2020-09-22 02:00:00,0.28311178960462957
2020-09-22 02:30:00,0.28272693303906116
2020-09-22 03:00:00,0.27560708657604827
2020-09-22 03:30:00,0.28272693303906116
2020-09-22 04:00:00,0.2629068199122948
2020-09-22 04:30:00,0.2629068199122948
2020-09-22 05:00:00,0.26444624617456847
2020-09-22 05:30:00,0.26444624617456847
2020-09-22 06:00:00,0.2817647916251407
2020-09-22 06:30:00,0.2817647916251407
2020-09-22 07:00:00,0.28696035526031216
2020-09-22 07:30:00,0.3102441774771929
2020-09-22 08:00:00,0.3119760320222502
2020-09-22 08:30:00,0.2994681936412815
2020-09-22 09:00:00,0.3035091875797482
2020-09-22 09:30:00,0.3010076199035545
2020-09-22 10:00:00,0.3010076199035545
2020-09-22 10:30:00,0.3010076199035545
2020-09-22 11:00:00,0.2985060522273604
2020-09-22 11:30:00,0.2985060522273604
2020-09-22 12:00:00,0.3219823027270252
2020-09-22 12:30:00,0.3125533168706025
2020-09-22 13:00:00,0.3125533168706025
2020-09-22 13:30:00,0.2979287673790083
2020-09-22 14:00:00,0.2965817693995192
2020-09-22 14:30:00,0.29311806030940457
2020-09-22 15:00:00,0.3060107552559419
2020-09-22 15:30:00,0.3113987471738977
2020-09-22 16:00:00,0.2927332037438364
2020-09-22 16:30:00,0.2852285007152551
2020-09-22 17:00:00,0.29446505828889347
2020-09-22 17:30:00,0.2815723633423566
2020-09-22 18:00:00,0.2846512158669028
2020-09-22 18:30:00,0.27907079566616244
2020-09-22 19:00:00,0.27907079566616244
2020-09-22 19:30:00,0.27907079566616244
2020-09-22 20:00:00,0.2992757653584972
2020-09-22 20:30:00,0.2992757653584972
2020-09-22 21:00:00,0.3117836037394661
2020-09-22 21:30:00,0.293502916874973
2020-09-22 22:00:00,0.3075501815182149
2020-09-22 22:30:00,0.3088971794977038
2020-09-22 23:00:00,0.3000454784896336
2020-09-22 23:30:00,0.3000454784896336
2020-09-23 00:00:00,0.28272693303906116
2020-09-23 00:30:00,0.28272693303906116
2020-09-23 01:00:00,0.28272693303906116
2020-09-23 01:30:00,0.28022536536286746
2020-09-23 02:00:00,0.27907079566616244
2020-09-23 02:30:00,0.2846512158669028
2020-09-23 03:00:00,0.287730068391449
2020-09-23 03:30:00,0.2848436441496869
2020-09-23 04:00:00,0.2946574865716778
2020-09-23 04:30:00,0.2975439108134399
2020-09-23 05:00:00,0.2975439108134399
2020-09-23 05:30:00,0.2852285007152551
2020-09-23 06:00:00,0.3050486138420212
2020-09-23 06:30:00,0.3000454784896336
2020-09-23 07:00:00,0.3196731633336156
2020-09-23 07:30:00,0.3094744643460565
2020-09-23 08:00:00,0.3094744643460565
2020-09-23 08:30:00,0.2975439108134399
2020-09-23 09:00:00,0.29542719970281417
2020-09-23 09:30:00,0.2900392077848586
2020-09-23 10:00:00,0.2879224966742331
2020-09-23 10:30:00,0.28580578556360736
2020-09-23 11:00:00,0.27349037546542254
2020-09-23 11:30:00,0.24462613304780212
2020-09-23 12:00:00,0.2438564199166653
2020-09-23 12:30:00,0.23211829466683298
2020-09-23 13:00:00,0.2350047189085951
2020-09-23 13:30:00,0.2357744320397317
2020-09-23 14:00:00,0.2407775673921193
2020-09-23 14:30:00,0.2313485815356966
2020-09-23 15:00:00,0.22634544618330876
2020-09-23 15:30:00,0.2173013168924547
2020-09-23 16:00:00,0.20806475931881585
2020-09-23 16:30:00,0.22384387850711507
2020-09-23 17:00:00,0.20806475931881585
2020-09-23 17:30:00,0.22615301790052467
2020-09-23 18:00:00,0.2482822704207006
2020-09-23 18:30:00,0.24905198355183722
2020-09-23 19:00:00,0.27368280374820664
2020-09-23 19:30:00,0.27349037546542254
2020-09-23 20:00:00,0.28561335728082327
2020-09-23 20:30:00,0.3025470461658275
2020-09-23 21:00:00,0.2886922098053697
2020-09-23 21:30:00,0.2886922098053697
2020-09-23 22:00:00,0.300430335055202
2020-09-23 22:30:00,0.296196912833951
2020-09-23 23:00:00,0.3025470461658275
2020-09-23 23:30:00,0.3025470461658275
2020-09-24 00:00:00,0.3135154582845232
2020-09-24 00:30:00,0.3135154582845232
2020-09-24 01:00:00,0.2948499148544621
2020-09-24 01:30:00,0.3042789007108846
2020-09-24 02:00:00,0.3000454784896336
2020-09-24 02:30:00,0.3000454784896336
2020-09-24 03:00:00,0.2873452118258806
2020-09-24 03:30:00,0.28561335728082327
2020-09-24 04:00:00,0.28561335728082327
2020-09-24 04:30:00,0.3000454784896336
2020-09-24 05:00:00,0.3000454784896336
2020-09-24 05:30:00,0.29696662596508716
2020-09-24 06:00:00,0.28368907445298164
2020-09-24 06:30:00,0.28368907445298164
2020-09-24 07:00:00,0.28368907445298164
2020-09-24 07:30:00,0.27233580576871774
2020-09-24 08:00:00,0.27329794718263845
2020-09-24 08:30:00,0.2908089209159952
2020-09-24 09:00:00,0.3021621896002593
2020-09-24 09:30:00,0.28445878758411847
2020-09-24 10:00:00,0.2875376401086649
2020-09-24 10:30:00,0.26271439162951093
2020-09-24 11:00:00,0.2521308360763834
2020-09-24 11:30:00,0.2521308360763834
2020-09-24 12:00:00,0.2557869734492819
2020-09-24 12:30:00,0.27272066233428616
2020-09-24 13:00:00,0.26848724011303515
2020-09-24 13:30:00,0.26232953506394274
2020-09-24 14:00:00,0.2546324037525771
2020-09-24 14:30:00,0.25732639971155513
2020-09-24 15:00:00,0.2365441451708683
2020-09-24 15:30:00,0.22788487244558175
2020-09-24 16:00:00,0.20844961588438382
2020-09-24 16:30:00,0.20652533305654286
2020-09-24 17:00:00,0.20806475931881585
2020-09-24 17:30:00,0.21306789467120324
2020-09-24 18:00:00,0.22307416537597868
2020-09-24 18:30:00,0.21768617345802266
2020-09-24 19:00:00,0.22038016941700045
2020-09-24 19:30:00,0.21826345830637517
2020-09-24 20:00:00,0.22211202396205798
2020-09-24 20:30:00,0.20979661386387338
2020-09-24 21:00:00,0.21672403204410196
2020-09-24 21:30:00,0.21672403204410196
2020-09-24 22:00:00,0.20998904214665703
2020-09-24 22:30:00,0.20017519972466635
2020-09-24 23:00:00,0.19613420578619944
2020-09-24 23:30:00,0.18208694114295731
2020-09-25 00:00:00,0.20421619366313304
2020-09-25 00:30:00,0.20498590679426965
2020-09-25 01:00:00,0.19882820174517724
2020-09-25 01:30:00,0.19517206437227874
2020-09-25 02:00:00,0.20306162396642824
2020-09-25 02:30:00,0.20306162396642824
2020-09-25 03:00:00,0.1926704966960846
2020-09-25 03:30:00,0.18593550679864013
2020-09-25 04:00:00,0.18420365225358282
2020-09-25 04:30:00,0.18785978962648153
2020-09-25 05:00:00,0.18728250477812902
2020-09-25 05:30:00,0.20017519972466635
2020-09-25 06:00:00,0.21268303810563527
2020-09-25 06:30:00,0.19536449265506284
2020-09-25 07:00:00,0.188821931040402
2020-09-25 07:30:00,0.19651906235176786
2020-09-25 08:00:00,0.20729504618767947
2020-09-25 08:30:00,0.24808984213791652
2020-09-25 09:00:00,0.2305788684045602
2020-09-25 09:30:00,0.2305788684045602
2020-09-25 10:00:00,0.2353895754741635
2020-09-25 10:30:00,0.22634544618330876
2020-09-25 11:00:00,0.22788487244558175
2020-09-25 11:30:00,0.20017519972466635
2020-09-25 12:00:00,0.17034881589312478
2020-09-25 12:30:00,0.17034881589312478
2020-09-25 13:00:00,0.19363263811000553
2020-09-25 13:30:00,0.19574934922063103
2020-09-25 14:00:00,0.19574934922063103
2020-09-25 14:30:00,0.19690391891733583
2020-09-25 15:00:00,0.19594177750341513
2020-09-25 15:30:00,0.15880311892607635
2020-09-25 16:00:00,0.1678472482169311
2020-09-25 16:30:00,0.16688510680301039
2020-09-25 17:00:00,0.14937413306965408
2020-09-25 17:30:00,0.13705872297146904
2020-09-25 18:00:00,0.10800205227106452
2020-09-25 18:30:00,0.1108884765128264
2020-09-25 19:00:00,0.1164688967135663
2020-09-25 19:30:00,0.11954774923811251
2020-09-25 20:00:00,0.09895792298020978
2020-09-25 20:30:00,0.1097339068161216
2020-09-25 21:00:00,0.1053080563120865
2020-09-25 21:30:00,0.09164564823441257
2020-09-25 22:00:00,0.11608404014799789
2020-09-25 22:30:00,0.12782216539783042
2020-09-25 23:00:00,0.13109344620516095
2020-09-25 23:30:00,0.12609031085277334
2020-09-26 00:00:00,0.06181926440287122
2020-09-26 00:30:00,0.06970882399702094
2020-09-26 01:00:00,0.06893911086588433
2020-09-26 01:30:00,-0.031123596181867108
2020-09-26 02:00:00,-0.01034134164118039
2020-09-26 02:30:00,0.0029362098709251327
2020-09-26 03:00:00,-0.002836638612599085
2020-09-26 03:30:00,0.002166496739788748
2020-09-26 04:00:00,0.014674335120757442
2020-09-26 04:30:00,0.006977203809392263
2020-09-26 05:00:00,0.011595482596211237
2020-09-26 05:30:00,0.001204355325867823
2020-09-26 06:00:00,0.014674335120757442
2020-09-26 06:30:00,-0.0003350709364052795
2020-09-26 07:00:00,0.009093914920017543
2020-09-26 07:30:00,0.03391716339917128
2020-09-26 08:00:00,0.020832040169849853
2020-09-26 08:30:00,0.04911899773911821
2020-09-26 09:00:00,0.04642500178014042
2020-09-26 09:30:00,0.022371466432123066
2020-09-26 10:00:00,0.05027356743582301
2020-09-26 10:30:00,0.03661115935814907
2020-09-26 11:00:00,0.02775945835007887
2020-09-26 11:30:00,0.033147450268034895
2020-09-26 12:00:00,0.0496962825874705
2020-09-26 12:30:00,0.06778454116917931
2020-09-26 13:00:00,0.06893911086588433
2020-09-26 13:30:00,0.07856052500509114
2020-09-26 14:00:00,0.049311426021902305
2020-09-26 14:30:00,0.05951012500946162
2020-09-26 15:00:00,0.0541221330915056
2020-09-26 15:30:00,0.06432083207906492
2020-09-26 16:00:00,0.04546286036621949
2020-09-26 16:30:00,0.04026729673104801
2020-09-26 17:00:00,0.07317253308713534
2020-09-26 17:30:00,0.07933023813622775
2020-09-26 18:00:00,0.07432710278384036
2020-09-26 18:30:00,0.08067723611571664
2020-09-26 19:00:00,0.09376235934503807
2020-09-26 19:30:00,0.08702736944759337
2020-09-26 20:00:00,0.08260151894355805
2020-09-26 20:30:00,0.08240909066077418
2020-09-26 21:00:00,0.08394851692304717
2020-09-26 21:30:00,0.08394851692304717
2020-09-26 22:00:00,0.1122354744923153
2020-09-26 22:30:00,0.12147203206595392
2020-09-26 23:00:00,0.11435218560294103
2020-09-26 23:30:00,0.10627019772600699
2020-09-27 00:00:00,0.09645635530401608
2020-09-27 00:30:00,0.09568664217287948
2020-09-27 01:00:00,0.09145321995162847
2020-09-27 01:30:00,0.11435218560294103
2020-09-27 02:00:00,0.10511562802930219
2020-09-27 02:30:00,0.09664878358679996
2020-09-27 03:00:00,0.09799578156628908
2020-09-27 03:30:00,0.09260778964833327
2020-09-27 04:00:00,0.09645635530401608
2020-09-27 04:30:00,0.09530178560731106
2020-09-27 05:00:00,0.1108884765128264
2020-09-27 05:30:00,0.11435218560294103
2020-09-27 06:00:00,0.13859814923374225
2020-09-27 06:30:00,0.1749670946799442
2020-09-27 07:00:00,0.16688510680301039
2020-09-27 07:30:00,0.16611539367187378
2020-09-27 08:00:00,0.18959164417153862
2020-09-27 08:30:00,0.18785978962648153
2020-09-27 09:00:00,0.19055378558545932
2020-09-27 09:30:00,0.18997650073710703
2020-09-27 10:00:00,0.1865127916469922
2020-09-27 10:30:00,0.1890143593231861
2020-09-27 11:00:00,0.18073994316346842
2020-09-27 11:30:00,0.18766736134369721
2020-09-27 12:00:00,0.1815096562946048
2020-09-27 12:30:00,0.1822793694257414
2020-09-27 13:00:00,0.1738125249832394
2020-09-27 13:30:00,0.1751595229627283
2020-09-27 14:00:00,0.188821931040402
2020-09-27 14:30:00,0.19748120376568834
2020-09-27 15:00:00,0.19825091689682472
2020-09-27 15:30:00,0.1805475148806841
2020-09-27 16:00:00,0.1709261007414773
2020-09-27 16:30:00,0.1805475148806841
2020-09-27 17:00:00,0.18978407245432272
2020-09-27 17:30:00,0.18978407245432272
2020-09-27 18:00:00,0.17477466639715988
2020-09-27 18:30:00,0.17727623407335402
2020-09-27 19:00:00,0.1724655270037505
2020-09-27 19:30:00,0.1699639593275568
2020-09-27 20:00:00,0.1749670946799442
2020-09-27 20:30:00,0.17592923609386513
2020-09-27 21:00:00,0.1734276684176712
2020-09-27 21:30:00,0.1666926785202263
2020-09-27 22:00:00,0.1753519512455124
2020-09-27 22:30:00,0.1753519512455124
2020-09-27 23:00:00,0.1763140926594331
2020-09-27 23:30:00,0.1638062542784644
2020-09-28 00:00:00,0.14725742195902836
2020-09-28 00:30:00,0.15052870276635888
2020-09-28 01:00:00,0.12512816943885263
2020-09-28 01:30:00,0.12512816943885263
2020-09-28 02:00:00,0.13032373307402434
2020-09-28 02:30:00,0.13032373307402434
2020-09-28 03:00:00,0.13032373307402434
2020-09-28 03:30:00,0.14918170478686976
2020-09-28 04:00:00,0.15226055731141597
2020-09-28 04:30:00,0.14706499367624426
2020-09-28 05:00:00,0.15341512700812077
2020-09-28 05:30:00,0.14552556741397105
2020-09-28 06:00:00,0.14918170478686976
2020-09-28 06:30:00,0.1638062542784644
2020-09-28 07:00:00,0.1690018179136359
2020-09-28 07:30:00,0.16476839569238488
2020-09-28 08:00:00,0.1655381088235215
2020-09-28 08:30:00,0.16303654114732757
2020-09-28 09:00:00,0.15918797549164498
2020-09-28 09:30:00,0.16438353912681647
2020-09-28 10:00:00,0.16438353912681647
2020-09-28 10:30:00,0.14898927650408567
2020-09-28 11:00:00,0.15052870276635888
2020-09-28 11:30:00,0.15052870276635888
2020-09-28 12:00:00,0.12936159166010341
2020-09-28 12:30:00,0.12301145832822713
2020-09-28 13:00:00,0.12782216539783042
2020-09-28 13:30:00,0.12936159166010341
2020-09-28 14:00:00,0.12147203206595392
2020-09-28 14:30:00,0.13147830277072914
2020-09-28 15:00:00,0.13147830277072914
2020-09-28 15:30:00,0.12551302600442082
2020-09-28 16:00:00,0.13378744216413874
2020-09-28 16:30:00,0.12435845630771603
2020-09-28 17:00:00,0.12666759570112562
2020-09-28 17:30:00,0.14456342600005057
2020-09-28 18:00:00,0.14591042397953946
2020-09-28 18:30:00,0.14514071084840285
2020-09-28 19:00:00,0.14610285226232356
2020-09-28 19:30:00,0.15014384620079024
2020-09-28 20:00:00,0.15014384620079024
2020-09-28 20:30:00,0.14013757549601524
2020-09-28 21:00:00,0.15495455327039376
2020-09-28 21:30:00,0.13397987044692283
2020-09-28 22:00:00,0.13397987044692283
2020-09-28 22:30:00,0.15437726842204147
2020-09-28 23:00:00,0.1768913775077856
2020-09-28 23:30:00,0.1811247997290366
2020-09-29 00:00:00,0.1836263674052303
2020-09-29 00:30:00,0.18593550679864013
2020-09-29 01:00:00,0.18728250477812902
2020-09-29 01:30:00,0.19055378558545932
2020-09-29 02:00:00,0.18689764821256083
2020-09-29 02:30:00,0.18593550679864013
2020-09-29 03:00:00,0.19805848861404085
2020-09-29 03:30:00,0.19805848861404085
2020-09-29 04:00:00,0.19805848861404085
2020-09-29 04:30:00,0.1855506502330717
2020-09-29 05:00:00,0.1855506502330717
2020-09-29 05:30:00,0.1855506502330717
2020-09-29 06:00:00,0.19382506639278962
2020-09-29 06:30:00,0.1813172280118207
2020-09-29 07:00:00,0.18728250477812902
2020-09-29 07:30:00,0.18728250477812902
2020-09-29 08:00:00,0.18785978962648153
2020-09-29 08:30:00,0.18785978962648153
2020-09-29 09:00:00,0.19305535326165324
2020-09-29 09:30:00,0.19305535326165324
2020-09-29 10:00:00,0.188821931040402
2020-09-29 10:30:00,0.188821931040402
2020-09-29 11:00:00,0.18304908255687802
2020-09-29 11:30:00,0.18304908255687802
2020-09-29 12:00:00,0.1840112239707985
2020-09-29 12:30:00,0.19363263811000553
2020-09-29 13:00:00,0.19728877548290402
2020-09-29 13:30:00,0.18709007649534493
2020-09-29 14:00:00,0.1880522179092654
2020-09-29 14:30:00,0.1880522179092654
2020-09-29 15:00:00,0.1880522179092654
2020-09-29 15:30:00,0.1880522179092654
2020-09-29 16:00:00,0.21018147042944135
2020-09-29 16:30:00,0.2246135916382519
2020-09-29 17:00:00,0.2430867067855289
2020-09-29 17:30:00,0.2388532845642779
2020-09-29 18:00:00,0.23096372497012818
2020-09-29 18:30:00,0.23115615325291228
2020-09-29 19:00:00,0.23115615325291228
2020-09-29 19:30:00,0.23115615325291228
2020-09-29 20:00:00,0.23115615325291228
2020-09-29 20:30:00,0.23115615325291228
2020-09-29 21:00:00,0.21653160376131786
2020-09-29 21:30:00,0.21653160376131786
2020-09-29 22:00:00,0.19940548659352975
2020-09-29 22:30:00,0.21037389871222545
2020-09-29 23:00:00,0.18612793508142422
2020-09-29 23:30:00,0.178815660335627
2020-09-30 00:00:00,0.19748120376568834
2020-09-30 00:30:00,0.19748120376568834
2020-09-30 01:00:00,0.19748120376568834
2020-09-30 01:30:00,0.20614047649097444
2020-09-30 02:00:00,0.21018147042944135
2020-09-30 02:30:00,0.21922559972029565
2020-09-30 03:00:00,0.21922559972029565
2020-09-30 03:30:00,0.22114988254813728
2020-09-30 04:00:00,0.2342350057774587
2020-09-30 04:30:00,0.21807103002359107
2020-09-30 05:00:00,0.21556946234739738
2020-09-30 05:30:00,0.22345902194154688
2020-09-30 06:00:00,0.21479974921626077
2020-09-30 06:30:00,0.21345275123677188
2020-09-30 07:00:00,0.21229818154006708
2020-09-30 07:30:00,0.21749374517523856
2020-09-30 08:00:00,0.20825718760160017
2020-09-30 08:30:00,0.21018147042944135
2020-09-30 09:00:00,0.21691646032688627
2020-09-30 09:30:00,0.22980915527342338
2020-09-30 10:00:00,0.21749374517523856
2020-09-30 10:30:00,0.21210575325728276
2020-09-30 11:00:00,0.21210575325728276
2020-09-30 11:30:00,0.22268930881041027
2020-09-30 12:00:00,0.21018147042944135
2020-09-30 12:30:00,0.20921932901552065
2020-09-30 13:00:00,0.19132349871659593
2020-09-30 13:30:00,0.18939921588875475
2020-09-30 14:00:00,0.17708380579056993
2020-09-30 14:30:00,0.18632036336420832
2020-09-30 15:00:00,0.17746866235613812
2020-09-30 15:30:00,0.17746866235613812
2020-09-30 16:00:00,0.1813172280118207
2020-09-30 16:30:00,0.177661090638922
2020-09-30 17:00:00,0.1801626583151159
2020-09-30 17:30:00,0.1763140926594331
2020-09-30 18:00:00,0.20017519972466635
2020-09-30 18:30:00,0.20517833507705396
2020-09-30 19:00:00,0.20691018962211105
2020-09-30 19:30:00,0.20306162396642824
2020-09-30 20:00:00,0.19979034315909772
2020-09-30 20:30:00,0.20267676740086005
2020-09-30 21:00:00,0.20383133709756485
2020-09-30 21:30:00,0.20517833507705396
2020-09-30 22:00:00,0.18997650073710703
2020-09-30 22:30:00,0.20517833507705396
2020-09-30 23:00:00,0.20517833507705396
2020-09-30 23:30:00,0.20517833507705396
2020-10-01 00:00:00,0.19401749467557394
2020-10-01 00:30:00,0.1880522179092654
2020-10-01 01:00:00,0.18073994316346842
2020-10-01 01:30:00,0.1790080886184111
2020-10-01 02:00:00,0.17592923609386513
2020-10-01 02:30:00,0.17592923609386513
2020-10-01 03:00:00,0.18535822195028762
2020-10-01 03:30:00,0.18535822195028762
2020-10-01 04:00:00,0.1855506502330717
2020-10-01 04:30:00,0.18920678760597043
2020-10-01 05:00:00,0.19440235124114214
2020-10-01 05:30:00,0.1840112239707985
2020-10-01 06:00:00,0.17477466639715988
2020-10-01 06:30:00,0.1811247997290366
2020-10-01 07:00:00,0.1811247997290366
2020-10-01 07:30:00,0.1811247997290366
2020-10-01 08:00:00,0.16823210478249928
2020-10-01 08:30:00,0.1766989492250013
2020-10-01 09:00:00,0.1734276684176712
2020-10-01 09:30:00,0.1622668280161912
2020-10-01 10:00:00,0.1701563876103409
2020-10-01 10:30:00,0.1701563876103409
2020-10-01 11:00:00,0.1782383754872745
2020-10-01 11:30:00,0.14687256539346016
2020-10-01 12:00:00,0.1655381088235215
2020-10-01 12:30:00,0.16342139771289577
2020-10-01 13:00:00,0.1763140926594331
2020-10-01 13:30:00,0.1763140926594331
2020-10-01 14:00:00,0.18593550679864013
2020-10-01 14:30:00,0.1753519512455124
2020-10-01 15:00:00,0.15784097751215587
2020-10-01 15:30:00,0.20421619366313304
2020-10-01 16:00:00,0.2373138583020047
2020-10-01 16:30:00,0.26771752698189855
2020-10-01 17:00:00,0.26117496536723794
2020-10-01 17:30:00,0.27618437142440033
2020-10-01 18:00:00,0.26521595930570485
2020-10-01 18:30:00,0.2565566865804185
2020-10-01 19:00:00,0.2455882744617226
2020-10-01 19:30:00,0.2455882744617226
2020-10-01 20:00:00,0.26386896132621573
2020-10-01 20:30:00,0.26213710678115865
2020-10-01 21:00:00,0.25367026233865664
2020-10-01 21:30:00,0.26155982193280614
2020-10-01 22:00:00,0.24866712698626903
2020-10-01 22:30:00,0.25501726031814553
2020-10-01 23:00:00,0.2503989815313261
2020-10-01 23:30:00,0.233272864363538
2020-10-02 00:00:00,0.2357744320397317
2020-10-02 00:30:00,0.2340425774946744
2020-10-02 01:00:00,0.2267303027488774
2020-10-02 01:30:00,0.2267303027488774
2020-10-02 02:00:00,0.2373138583020047
2020-10-02 02:30:00,0.23000158355620748
2020-10-02 03:00:00,0.23250315123240117
2020-10-02 03:30:00,0.23250315123240117
2020-10-02 04:00:00,0.2271151593144456
2020-10-02 04:30:00,0.23904571284706222
2020-10-02 05:00:00,0.2990833370757129
2020-10-02 05:30:00,0.3292945774728224
2020-10-02 06:00:00,0.3048561855592371
2020-10-02 06:30:00,0.2979287673790083
2020-10-02 07:00:00,0.3063956118215101
2020-10-02 07:30:00,0.3125533168706025
2020-10-02 08:00:00,0.3033167592969641
2020-10-02 08:30:00,0.32679300979662873
2020-10-02 09:00:00,0.33833870676367717
2020-10-02 09:30:00,0.33237342999736863
2020-10-02 10:00:00,0.3812502138245397
2020-10-02 10:30:00,0.367587805746866
2020-10-02 11:00:00,0.3523859714069191
2020-10-02 11:30:00,0.3508465451446461
2020-10-02 12:00:00,0.33121886030066405
2020-10-02 12:30:00,0.33429771282521026
2020-10-02 13:00:00,0.3408402744398711
2020-10-02 13:30:00,0.3085123229321358
2020-10-02 14:00:00,0.2998530502068495
2020-10-02 14:30:00,0.3058183269731578
2020-10-02 15:00:00,0.3058183269731578
2020-10-02 15:30:00,0.2852285007152551
2020-10-02 16:00:00,0.25386269062144073
2020-10-02 16:30:00,0.26117496536723794
2020-10-02 17:00:00,0.2600203956705329
2020-10-02 17:30:00,0.26598567243684124
2020-10-02 18:00:00,0.26098253708445385
2020-10-02 18:30:00,0.25501726031814553
2020-10-02 19:00:00,0.2430867067855289
2020-10-02 19:30:00,0.24924441183462132
2020-10-02 20:00:00,0.22942429870785497
2020-10-02 20:30:00,0.21633917547853376
2020-10-02 21:00:00,0.21364517951955597
2020-10-02 21:30:00,0.2494368401174054
2020-10-02 22:00:00,0.2273075875972297
2020-10-02 22:30:00,0.20671776133932696
2020-10-02 23:00:00,0.19863577346239314
2020-10-02 23:30:00,0.21672403204410196
2020-10-03 00:00:00,0.21268303810563527
2020-10-03 00:30:00,0.21075875527779386
2020-10-03 01:00:00,0.177661090638922
2020-10-03 01:30:00,0.20229191083529163
2020-10-03 02:00:00,0.20229191083529163
2020-10-03 02:30:00,0.16188197145062277
2020-10-03 03:00:00,0.15283784215976826
2020-10-03 03:30:00,0.15938040377442908
2020-10-03 04:00:00,0.13628900984033265
2020-10-03 04:30:00,0.15630155124988265
2020-10-03 05:00:00,0.1611122583194864
2020-10-03 05:30:00,0.1638062542784644
2020-10-03 06:00:00,0.1711185290242614
2020-10-03 06:30:00,0.15399241185647328
2020-10-03 07:00:00,0.15495455327039376
2020-10-03 07:30:00,0.13821329266817406
2020-10-03 08:00:00,0.12686002398390972
2020-10-03 08:30:00,0.12647516741834153
2020-10-03 09:00:00,0.1003049209596989
2020-10-03 09:30:00,0.1176234664102711
2020-10-03 10:00:00,0.09530178560731106
2020-10-03 10:30:00,0.09376235934503807
2020-10-03 11:00:00,0.09530178560731106
2020-10-03 11:30:00,0.10011249267691458
2020-10-03 12:00:00,0.12147203206595392
2020-10-03 12:30:00,0.12435845630771603
2020-10-03 13:00:00,0.10934905025055341
2020-10-03 13:30:00,0.10261406035310827
2020-10-03 14:00:00,0.09684121186958428
2020-10-03 14:30:00,0.09010622197213958
2020-10-03 15:00:00,0.06470568864463333
2020-10-03 15:30:00,0.054891846222642204
2020-10-03 16:00:00,0.05239027854644851
2020-10-03 16:30:00,0.02602760380502178
2020-10-03 17:00:00,0.031800452288546
2020-10-03 17:30:00,0.03103073915740917
2020-10-03 18:00:00,0.03006859774348869
2020-10-03 18:30:00,0.018138044210872062
2020-10-03 19:00:00,0.03006859774348869
2020-10-03 19:30:00,0.02487303410831676
2020-10-03 20:00:00,0.038727870468774794
2020-10-03 20:30:00,0.04642500178014042
2020-10-03 21:00:00,0.039690011882695275
2020-10-03 21:30:00,0.03276259370246648
2020-10-03 22:00:00,0.06624511490690632
2020-10-03 22:30:00,0.07817566843952295
2020-10-03 23:00:00,0.08414094520583126
2020-10-03 23:30:00,0.1164688967135663
2020-10-04 00:00:00,0.09915035126299387
2020-10-04 00:30:00,0.11666132499635062
2020-10-04 01:00:00,0.15610912296709878
2020-10-04 01:30:00,0.14052243206158366
2020-10-04 02:00:00,0.15610912296709878
2020-10-04 02:30:00,0.12647516741834153
2020-10-04 03:00:00,0.13628900984033265
2020-10-04 03:30:00,0.14494828256561876
2020-10-04 04:00:00,0.13340258559857054
2020-10-04 04:30:00,0.13821329266817406
2020-10-04 05:00:00,0.14610285226232356
2020-10-04 05:30:00,0.15918797549164498
2020-10-04 06:00:00,0.14475585428283466
2020-10-04 06:30:00,0.14071486034436798
2020-10-04 07:00:00,0.15456969670482557
2020-10-04 07:30:00,0.15456969670482557
2020-10-04 08:00:00,0.14668013711067607
2020-10-04 08:30:00,0.16476839569238488
2020-10-04 09:00:00,0.1826642259913096
2020-10-04 09:30:00,0.17592923609386513
2020-10-04 10:00:00,0.18170208457738912
2020-10-04 10:30:00,0.18170208457738912
2020-10-04 11:00:00,0.19420992295835804
2020-10-04 11:30:00,0.18458850881915123
2020-10-04 12:00:00,0.19574934922063103
2020-10-04 12:30:00,0.18343393912244643
2020-10-04 13:00:00,0.1715033855898298
2020-10-04 13:30:00,0.16592296538908968
2020-10-04 14:00:00,0.18343393912244643
2020-10-04 14:30:00,0.19247806841330073
2020-10-04 15:00:00,0.1926704966960846
2020-10-04 15:30:00,0.21768617345802266
2020-10-04 16:00:00,0.20440862194591713
2020-10-04 16:30:00,0.20460105022870123
2020-10-04 17:00:00,0.19440235124114214
2020-10-04 17:30:00,0.18843707447483382
2020-10-04 18:00:00,0.1766989492250013
2020-10-04 18:30:00,0.178815660335627
2020-10-04 19:00:00,0.17843080377005882
2020-10-04 19:30:00,0.1826642259913096
2020-10-04 20:00:00,0.1826642259913096
2020-10-04 20:30:00,0.1824717977085255
2020-10-04 21:00:00,0.1751595229627283
2020-10-04 21:30:00,0.1849733653847192
2020-10-04 22:00:00,0.178815660335627
2020-10-04 22:30:00,0.18939921588875475
2020-10-04 23:00:00,0.18343393912244643
2020-10-04 23:30:00,0.18343393912244643
2020-10-05 00:00:00,0.15456969670482557
2020-10-05 00:30:00,0.15456969670482557
2020-10-05 01:00:00,0.16611539367187378
2020-10-05 01:30:00,0.17169581387261368
2020-10-05 02:00:00,0.1713109573070457
2020-10-05 02:30:00,0.1780459472044904
2020-10-05 03:00:00,0.188821931040402
2020-10-05 03:30:00,0.19478720780671033
2020-10-05 04:00:00,0.20132976942137093
2020-10-05 04:30:00,0.19651906235176786
2020-10-05 05:00:00,0.19651906235176786
2020-10-05 05:30:00,0.19651906235176786
2020-10-05 06:00:00,0.21133604012614637
2020-10-05 06:30:00,0.20748747447046334
2020-10-05 07:00:00,0.20748747447046334
2020-10-05 07:30:00,0.20248433911807595
2020-10-05 08:00:00,0.19420992295835804
2020-10-05 08:30:00,0.19478720780671033
2020-10-05 09:00:00,0.19478720780671033
2020-10-05 09:30:00,0.20113734113858706
2020-10-05 10:00:00,0.20113734113858706
2020-10-05 10:30:00,0.19651906235176786
2020-10-05 11:00:00,0.19344020982722143
2020-10-05 11:30:00,0.20056005629023455
2020-10-05 12:00:00,0.19151592699938025
2020-10-05 12:30:00,0.19151592699938025
2020-10-05 13:00:00,0.18843707447483382
2020-10-05 13:30:00,0.1855506502330717
2020-10-05 14:00:00,0.19074621386824364
2020-10-05 14:30:00,0.19074621386824364
2020-10-05 15:00:00,0.18612793508142422
2020-10-05 15:30:00,0.19555692093784693
2020-10-05 16:00:00,0.18709007649534493
2020-10-05 16:30:00,0.1838187956880144
2020-10-05 17:00:00,0.19074621386824364
2020-10-05 17:30:00,0.20306162396642824
2020-10-05 18:00:00,0.20652533305654286
2020-10-05 18:30:00,0.19209321184773254
2020-10-05 19:00:00,0.1867052199297765
2020-10-05 19:30:00,0.19863577346239314
2020-10-05 20:00:00,0.19863577346239314
2020-10-05 20:30:00,0.19863577346239314
2020-10-05 21:00:00,0.1792005169011952
2020-10-05 21:30:00,0.18343393912244643
2020-10-05 22:00:00,0.1738125249832394
2020-10-05 22:30:00,0.1738125249832394
2020-10-05 23:00:00,0.1738125249832394
2020-10-05 23:30:00,0.1765065209422172
2020-10-06 00:00:00,0.1741973815488076
2020-10-06 00:30:00,0.1741973815488076
2020-10-06 01:00:00,0.1741973815488076
2020-10-06 01:30:00,0.1741973815488076
2020-10-06 02:00:00,0.1901689290198909
2020-10-06 02:30:00,0.1766989492250013
2020-10-06 03:00:00,0.1766989492250013
2020-10-06 03:30:00,0.17304281185210302
2020-10-06 04:00:00,0.17304281185210302
2020-10-06 04:30:00,0.1722730987209662
2020-10-06 05:00:00,0.17862323205284292
2020-10-06 05:30:00,0.18073994316346842
2020-10-06 06:00:00,0.17458223811437623
2020-10-06 06:30:00,0.17458223811437623
2020-10-06 07:00:00,0.17458223811437623
2020-10-06 07:30:00,0.17458223811437623
2020-10-06 08:00:00,0.20383133709756485
2020-10-06 08:30:00,0.19382506639278962
2020-10-06 09:00:00,0.18978407245432272
2020-10-06 09:30:00,0.18959164417153862
2020-10-06 10:00:00,0.19382506639278962
2020-10-06 10:30:00,0.19382506639278962
2020-10-06 11:00:00,0.2382759997159254
2020-10-06 11:30:00,0.22980915527342338
2020-10-06 12:00:00,0.2284621572939345
2020-10-06 12:30:00,0.2217271673964898
2020-10-06 13:00:00,0.2217271673964898
2020-10-06 13:30:00,0.2369290017364365
2020-10-06 14:00:00,0.2373138583020047
2020-10-06 14:30:00,0.23962299769541429
2020-10-06 15:00:00,0.22750001588001378
2020-10-06 15:30:00,0.20537076335983806
2020-10-06 16:00:00,0.21210575325728276
2020-10-06 16:30:00,0.21172089669171434
2020-10-06 17:00:00,0.17977780174954772
2020-10-06 17:30:00,0.20460105022870123
2020-10-06 18:00:00,0.20460105022870123
2020-10-06 18:30:00,0.2326955795151855
2020-10-06 19:00:00,0.2438564199166653
2020-10-06 19:30:00,0.24173970880604
2020-10-06 20:00:00,0.2500141249657579
2020-10-06 20:30:00,0.260212823953317
2020-10-06 21:00:00,0.2542475471870087
2020-10-06 21:30:00,0.25732639971155513
2020-10-06 22:00:00,0.2488595552690529
2020-10-06 22:30:00,0.2488595552690529
2020-10-06 23:00:00,0.2565566865804185
2020-10-06 23:30:00,0.2488595552690529
2020-10-07 00:00:00,0.26194467849837433
2020-10-07 00:30:00,0.26194467849837433
2020-10-07 01:00:00,0.27041152294087634
2020-10-07 01:30:00,0.28099507849400407
2020-10-07 02:00:00,0.27041152294087634
2020-10-07 02:30:00,0.2717585209203657
2020-10-07 03:00:00,0.27041152294087634
2020-10-07 03:30:00,0.27041152294087634
2020-10-07 04:00:00,0.27445251687934347
2020-10-07 04:30:00,0.27079637950644475
2020-10-07 05:00:00,0.2632916764778632
2020-10-07 05:30:00,0.26079010880166953
2020-10-07 06:00:00,0.25751882799433923
2020-10-07 06:30:00,0.25751882799433923
2020-10-07 07:00:00,0.25751882799433923
2020-10-07 07:30:00,0.26540838758848895
2020-10-07 08:00:00,0.26540838758848895
2020-10-07 08:30:00,0.26540838758848895
2020-10-07 09:00:00,0.27830108253502606
2020-10-07 09:30:00,0.26714024213354626
2020-10-07 10:00:00,0.27021909465809246
2020-10-07 10:30:00,0.27907079566616244
2020-10-07 11:00:00,0.27195094920314955
2020-10-07 11:30:00,0.27195094920314955
2020-10-07 12:00:00,0.26271439162951093
2020-10-07 12:30:00,0.2579036845599074
2020-10-07 13:00:00,0.26714024213354626
2020-10-07 13:30:00,0.2604052522361011
2020-10-07 14:00:00,0.26637052900240943
2020-10-07 14:30:00,0.26271439162951093
2020-10-07 15:00:00,0.26271439162951093
2020-10-07 15:30:00,0.26579324415405714
2020-10-07 16:00:00,0.2688720966786031
2020-10-07 16:30:00,0.27021909465809246
2020-10-07 17:00:00,0.27021909465809246
2020-10-07 17:30:00,0.27021909465809246
2020-10-07 18:00:00,0.25751882799433923
2020-10-07 18:30:00,0.2515535512280309
2020-10-07 19:00:00,0.2515535512280309
2020-10-07 19:30:00,0.2471277007239958
2020-10-07 20:00:00,0.2513611229452468
2020-10-07 20:30:00,0.2513611229452468
2020-10-07 21:00:00,0.2588658259738281
2020-10-07 21:30:00,0.2588658259738281
2020-10-07 22:00:00,0.2580961128426915
2020-10-07 22:30:00,0.26194467849837433
2020-10-07 23:00:00,0.2565566865804185
2020-10-07 23:30:00,0.25386269062144073
2020-10-08 00:00:00,0.26232953506394274
2020-10-08 00:30:00,0.2675250986991142
2020-10-08 01:00:00,0.26983423809252405
2020-10-08 01:30:00,0.27483737344491144
2020-10-08 02:00:00,0.26925695324417176
2020-10-08 02:30:00,0.26579324415405714
2020-10-08 03:00:00,0.26579324415405714
2020-10-08 03:30:00,0.26579324415405714
2020-10-08 04:00:00,0.26579324415405714
2020-10-08 04:30:00,0.26579324415405714
2020-10-08 05:00:00,0.26579324415405714
2020-10-08 05:30:00,0.2850360724324712
2020-10-08 06:00:00,0.28118750677678794
2020-10-08 06:30:00,0.27753136940388945
2020-10-08 07:00:00,0.2846512158669028
2020-10-08 07:30:00,0.27753136940388945
2020-10-08 08:00:00,0.27753136940388945
2020-10-08 08:30:00,0.2886922098053697
2020-10-08 09:00:00,0.289269494653722
2020-10-08 09:30:00,0.289269494653722
2020-10-08 10:00:00,0.27118123607201294
2020-10-08 10:30:00,0.27118123607201294
2020-10-08 11:00:00,0.27118123607201294
2020-10-08 11:30:00,0.27118123607201294
2020-10-08 12:00:00,0.260212823953317
2020-10-08 12:30:00,0.2567491148632026
2020-10-08 13:00:00,0.2388532845642779
2020-10-08 13:30:00,0.2529005492075198
2020-10-08 14:00:00,0.2444337047650178
2020-10-08 14:30:00,0.2425094219371764
2020-10-08 15:00:00,0.2267303027488774
2020-10-08 15:30:00,0.2350047189085951
2020-10-08 16:00:00,0.2350047189085951
2020-10-08 16:30:00,0.2359668603225158
2020-10-08 17:00:00,0.2282697290111504
2020-10-08 17:30:00,0.2376987148675731
2020-10-08 18:00:00,0.2376987148675731
2020-10-08 18:30:00,0.24231699365439208
2020-10-08 19:00:00,0.24231699365439208
2020-10-08 19:30:00,0.23962299769541429
2020-10-08 20:00:00,0.2427018502199607
2020-10-08 20:30:00,0.2419321370888241
2020-10-08 21:00:00,0.2344274340602428
2020-10-08 21:30:00,0.2413548522404716
2020-10-08 22:00:00,0.2363517168880842
2020-10-08 22:30:00,0.2459731310272908
2020-10-08 23:00:00,0.23789114315035742
2020-10-08 23:30:00,0.24096999567490318
2020-10-09 00:00:00,0.2359668603225158
2020-10-09 00:30:00,0.2473201290067797
2020-10-09 01:00:00,0.2350047189085951
2020-10-09 01:30:00,0.20306162396642824
2020-10-09 02:00:00,0.21768617345802266
2020-10-09 02:30:00,0.21691646032688627
2020-10-09 03:00:00,0.21691646032688627
2020-10-09 03:30:00,0.21691646032688627
2020-10-09 04:00:00,0.22384387850711507
2020-10-09 04:30:00,0.22365145022433097
2020-10-09 05:00:00,0.2259605896177408
2020-10-09 05:30:00,0.2313485815356966
2020-10-09 06:00:00,0.24039271082655111
2020-10-09 06:30:00,0.231733438101265
2020-10-09 07:00:00,0.234812290625811
2020-10-09 07:30:00,0.234812290625811
2020-10-09 08:00:00,0.2280773007283663
2020-10-09 08:30:00,0.2280773007283663
2020-10-09 09:00:00,0.23077129668734409
2020-10-09 09:30:00,0.2359668603225158
2020-10-09 10:00:00,0.22249688052762617
2020-10-09 10:30:00,0.20921932901552065
2020-10-09 11:00:00,0.18324151083966234
2020-10-09 11:30:00,0.1890143593231861
2020-10-09 12:00:00,0.1824717977085255
2020-10-09 12:30:00,0.19555692093784693
2020-10-09 13:00:00,0.18824464619204972
2020-10-09 13:30:00,0.19132349871659593
2020-10-09 14:00:00,0.19132349871659593
2020-10-09 14:30:00,0.1824717977085255
2020-10-09 15:00:00,0.1911310704338116
2020-10-09 15:30:00,0.1865127916469922
2020-10-09 16:00:00,0.18997650073710703
2020-10-09 16:30:00,0.19190078356494844
2020-10-09 17:00:00,0.19190078356494844
2020-10-09 17:30:00,0.19190078356494844
2020-10-09 18:00:00,0.19190078356494844
2020-10-09 18:30:00,0.19093864215102752
2020-10-09 19:00:00,0.19344020982722143
2020-10-09 19:30:00,0.19344020982722143
2020-10-09 20:00:00,-0.2574408087036847
